Year and month,Population increase [person],Natural increase [person],Number of births [person],Deaths [person],social increase [person],"
Number of immigrants [person]",Move out number [person],Population growth rate [per thousand],Natural rate of increase [per thousand],Crude birth rate [per thousand],Crude death rate [per thousand],Social increase rate [per thousand],"Immigrant rate [per thousand]
",Emigration rate [per thousand],Total population mobility [per thousand]
Jan-98,1625,1493,2416,923,132,19378,19246,7.36,6.76,10.94,4.18,0.6,87.78,87.18,174.96
Feb-98,924,1381,2769,1388,-457,29161,29618,4.63,6.92,13.88,6.96,-2.29,146.17,148.46,294.64
Mar-98,4719,1477,2717,1240,3242,28014,24772,21.36,6.68,12.29,5.61,14.66,126.7,112.03,238.73
Apr-98,3066,1338,2335,997,1728,23165,21437,14.32,6.24,10.9,4.65,8.06,108.1,100.03,208.13
May-98,3419,1379,2293,914,2040,24420,22380,15.43,6.22,10.34,4.12,9.2,110.14,100.94,211.08
Jun-98,9925,1545,2528,983,8380,36867,28487,46.23,7.18,11.75,4.57,38.96,171.38,132.43,303.81
1998/7/1,6139,1377,2447,1070,4762,32457,27695,27.57,6.18,10.97,4.8,21.36,145.57,124.21,269.78
1998/8/1,2920,1533,2494,961,1387,29736,28349,13.08,6.86,11.17,4.3,6.21,133.14,126.93,260.06
1998/9/1,2133,1471,2401,930,662,26475,25813,9.86,6.8,11.1,4.3,3.06,122.37,119.31,241.68
1998/10/1,2161,1613,2578,965,548,21974,21426,9.66,7.21,11.52,4.31,2.45,98.21,95.76,193.97
1998/11/1,3041,1553,2527,974,1488,16401,14913,14.04,7.17,11.66,4.49,6.87,75.67,68.8,144.47
Dec-98,1374,1669,2698,1029,-295,28617,28912,6.13,7.45,12.04,4.59,-1.32,127.67,128.98,256.65
Jan-99,526,1304,2383,1079,-778,24837,25615,2.35,5.82,10.63,4.81,-3.47,110.76,114.23,224.99
Feb-99,-363,1208,2180,972,-1571,20983,22554,-1.79,5.96,10.76,4.8,-7.76,103.6,111.35,214.95
Mar-99,183,1754,3023,1269,-1571,29572,31143,0.82,7.82,13.48,5.66,-7.01,131.88,138.89,270.76
Apr-99,-60,1542,2711,1169,-1602,24160,25762,-0.28,7.11,12.49,5.39,-7.38,111.33,118.71,230.05
May-99,-211,1697,2662,965,-1908,24878,26786,-0.94,7.57,11.87,4.3,-8.51,110.95,119.46,230.41
Jun-99,308,1647,2661,1014,-1339,26865,28204,1.42,7.59,12.26,4.67,-6.17,123.8,129.97,253.77
Jul-99,-4,1681,2683,1002,-1685,26526,28211,-0.02,7.5,11.96,4.47,-7.51,118.29,125.8,244.09
Aug-99,-1149,1641,2658,1017,-2790,26964,29754,-5.12,7.32,11.86,4.54,-12.44,120.27,132.71,252.98
Sep-99,-920,1678,2604,926,-2598,23855,26453,-4.24,7.74,12.01,4.27,-11.98,109.99,121.97,231.96
88年10月,-45,1667,2743,1076,-1712,22074,23786,-0.2,7.44,12.24,4.8,-7.64,98.51,106.16,204.67
88年11月,1665,1768,2821,1053,-103,19110,19213,7.68,8.15,13.01,4.85,-0.47,88.1,88.58,176.68
88年12月,1443,1556,2683,1127,-113,20987,21100,6.44,6.94,11.96,5.03,-0.5,93.58,94.08,187.66
89年1月,2028,1472,2647,1175,556,19929,19373,9.06,6.58,11.83,5.25,2.48,89.05,86.56,175.61
89年2月,2253,1409,2431,1022,844,17899,17055,10.75,6.72,11.6,4.88,4.03,85.42,81.39,166.82
89年3月,1268,1665,2977,1312,-397,22979,23376,5.66,7.43,13.28,5.85,-1.77,102.52,104.29,206.82
89年4月,224,1433,2482,1049,-1209,21496,22705,1.03,6.6,11.44,4.83,-5.57,99.08,104.65,203.72
89年5月,-96,1749,2847,1098,-1845,26818,28663,-0.43,7.8,12.7,4.9,-8.23,119.62,127.84,247.46
89年6月,-236,1480,2519,1039,-1716,27685,29401,-1.09,6.82,11.61,4.79,-7.91,127.61,135.52,263.12
89年7月,861,1699,2779,1080,-838,25139,25977,3.84,7.58,12.39,4.82,-3.74,112.12,115.86,227.98
89年8月,-1427,1692,2697,1005,-3119,23288,26407,-6.36,7.55,12.03,4.48,-13.91,103.88,117.79,221.66
89年9月,-873,1891,2887,996,-2764,25172,27936,-4.02,8.72,13.31,4.59,-12.75,116.07,128.82,244.89
89年10月,142,1957,3034,1077,-1815,20669,22484,0.63,8.73,13.54,4.81,-8.1,92.25,100.35,192.59
89年11月,523,2042,3098,1056,-1519,19379,20898,2.41,9.42,14.29,4.87,-7,89.36,96.37,185.73
89年12月,495,2200,3280,1080,-1705,22349,24054,2.21,9.82,14.63,4.82,-7.61,99.71,107.32,207.03
90年1月,602,1419,2509,1090,-817,17622,18439,2.68,6.31,11.16,4.85,-3.63,78.39,82.03,160.42
90年2月,-1195,1111,2313,1202,-2306,20025,22331,-5.88,5.47,11.39,5.92,-11.36,98.64,110,208.63
90年3月,-1279,1236,2440,1204,-2515,22648,25163,-5.69,5.5,10.86,5.36,-11.19,100.81,112,212.81
90年4月,-1024,1176,2246,1070,-2200,20084,22284,-4.71,5.41,10.33,4.92,-10.12,92.42,102.54,194.95
90年5月,-1758,1188,2314,1126,-2946,22563,25509,-7.83,5.29,10.31,5.02,-13.13,100.53,113.65,214.18
90年6月,-784,1061,2102,1041,-1845,23223,25068,-3.61,4.89,9.68,4.79,-8.5,106.97,115.47,222.43
90年7月,-1417,1054,2088,1034,-2471,22287,24758,-6.32,4.7,9.31,4.61,-11.02,99.39,110.41,209.79
90年8月,-2808,1095,2280,1185,-3903,25963,29866,-12.53,4.89,10.18,5.29,-17.42,115.87,133.29,249.16
90年9月,-2125,911,1818,907,-3036,15708,18744,-9.81,4.21,8.39,4.19,-14.01,72.51,86.52,159.03
90年10月,-257,1202,2436,1234,-1459,17212,18671,-1.15,5.37,10.89,5.51,-6.52,76.92,83.44,160.37
90年11月,185,1136,2250,1114,-951,14617,15568,0.85,5.25,10.39,5.14,-4.39,67.5,71.9,139.4
90年12月,-812,1072,2202,1130,-1884,24383,26267,-3.63,4.79,9.84,5.05,-8.42,108.99,117.41,226.39
91年1月,-1287,938,2158,1220,-2225,22858,25083,-5.75,4.19,9.65,5.46,-9.95,102.21,112.16,214.37
91年2月,-505,749,1787,1038,-1254,18054,19308,-2.5,3.71,8.85,5.14,-6.21,89.41,95.62,185.03
91年3月,779,913,2138,1225,-134,22435,22569,3.48,4.08,9.56,5.48,-0.6,100.35,100.95,201.29
91年4月,1239,1053,2187,1134,186,23269,23083,5.73,4.86,10.1,5.24,0.86,107.51,106.65,214.15
91年5月,-417,1023,2148,1125,-1440,26039,27479,-1.86,4.57,9.6,5.03,-6.44,116.4,122.84,239.25
91年6月,2067,864,1887,1023,1203,25254,24051,9.55,3.99,8.71,4.72,5.56,116.62,111.07,227.69
91年7月,2464,1007,2226,1219,1457,29308,27851,11.01,4.5,9.94,5.44,6.51,130.86,124.36,255.22
91年8月,-519,873,1988,1115,-1392,26334,27726,-2.32,3.9,8.87,4.98,-6.21,117.54,123.76,241.3
91年9月,-408,1043,2066,1023,-1451,23086,24537,-1.88,4.81,9.53,4.72,-6.69,106.5,113.19,219.69
91年10月,1879,1227,2397,1170,652,19574,18922,8.39,5.48,10.7,5.22,2.91,87.36,84.45,171.81
91年11月,2692,1167,2248,1081,1525,16406,14881,12.41,5.38,10.36,4.98,7.03,75.6,68.57,144.16
91年12月,70,1268,2417,1149,-1198,21745,22943,0.31,5.65,10.77,5.12,-5.34,96.91,102.25,199.17
92年1月,-1553,843,2015,1172,-2396,22421,24817,-6.92,3.76,8.98,5.22,-10.68,99.96,110.64,210.59
92年2月,-1164,749,1911,1162,-1913,18898,20811,-5.75,3.7,9.44,5.74,-9.45,93.32,102.77,196.09
92年3月,-1074,762,2035,1273,-1836,21628,23464,-4.79,3.4,9.08,5.68,-8.19,96.51,104.7,201.21
92年4月,-1110,792,1942,1150,-1902,21142,23044,-5.12,3.65,8.96,5.3,-8.77,97.53,106.3,203.83
92年5月,-3310,555,1822,1267,-3865,20647,24512,-14.78,2.48,8.14,5.66,-17.27,92.25,109.52,201.76
92年6月,-2265,528,1742,1214,-2793,21239,24032,-10.46,2.44,8.05,5.61,-12.91,98.16,111.07,209.23
92年7月,-1506,708,1920,1212,-2214,24674,26888,-6.74,3.17,8.59,5.42,-9.91,110.44,120.35,230.78
92年8月,-1714,793,1779,986,-2507,23157,25664,-7.67,3.55,7.97,4.42,-11.23,103.71,114.94,218.65
92年9月,-1840,884,1957,1073,-2724,25606,28330,-8.52,4.09,9.06,4.97,-12.61,118.58,131.2,249.78
92年10月,332,1006,2062,1056,-674,20104,20778,1.49,4.51,9.24,4.73,-3.02,90.12,93.15,183.27
92年11月,71,823,1814,991,-752,17838,18590,0.33,3.81,8.4,4.59,-3.48,82.62,86.11,168.73
92年12月,415,1091,2312,1221,-676,22408,23084,1.86,4.89,10.36,5.47,-3.03,100.44,103.47,203.9
93年1月,244,438,1600,1162,-194,16608,16802,1.1,1.97,7.19,5.22,-0.87,74.63,75.51,150.14
93年2月,461,409,1715,1306,52,19200,19148,2.21,1.96,8.24,6.27,0.25,92.22,91.97,184.19
93年3月,-814,574,1914,1340,-1388,20678,22066,-3.66,2.58,8.6,6.02,-6.24,92.92,99.15,192.07
93年4月,-1134,628,1814,1186,-1762,24134,25896,-5.27,2.92,8.43,5.51,-8.18,112.1,120.29,232.39
93年5月,-383,614,1716,1102,-997,22351,23348,-1.72,2.76,7.72,4.96,-4.48,100.5,104.98,205.49
93年6月,-67,601,1684,1083,-668,23711,24379,-0.31,2.79,7.83,5.03,-3.1,110.18,113.28,223.46
93年7月,-587,578,1727,1149,-1165,24354,25519,-2.64,2.6,7.77,5.17,-5.24,109.53,114.77,224.3
93年8月,-719,801,1833,1032,-1520,24136,25656,-3.23,3.6,8.25,4.64,-6.84,108.58,115.41,223.99
93年9月,-2498,770,1909,1139,-3268,23831,27099,-11.61,3.58,8.88,5.3,-15.2,110.85,126.05,236.89
93年10月,185,830,1984,1154,-645,16518,17163,0.83,3.74,8.93,5.2,-2.9,74.39,77.29,151.68
93年11月,739,982,2153,1171,-243,17323,17566,3.44,4.57,10.02,5.45,-1.13,80.6,81.73,162.32
93年12月,-93,913,2105,1192,-1006,20986,21992,-0.42,4.11,9.48,5.37,-4.53,94.48,99.01,193.48
94年1月,-530,511,1714,1203,-1041,18907,19948,-2.38,2.29,7.7,5.4,-4.67,84.9,89.57,174.47
94年2月,-501,417,1452,1035,-918,14666,15584,-2.49,2.07,7.22,5.15,-4.56,72.92,77.49,150.41
94年3月,-2419,416,1945,1529,-2835,23019,25854,-10.86,1.87,8.74,6.87,-12.74,103.44,116.18,219.61
94年4月,-316,472,1619,1147,-788,20767,21555,-1.47,2.19,7.52,5.33,-3.66,96.48,100.14,196.62
94年5月,-1012,599,1847,1248,-1611,23002,24613,-4.55,2.69,8.31,5.61,-7.24,103.44,110.69,214.13
94年6月,-308,533,1715,1182,-841,23679,24520,-1.43,2.48,7.97,5.49,-3.91,110.06,113.97,224.04
94年7月,-593,520,1678,1158,-1113,22955,24068,-2.67,2.34,7.55,5.21,-5.01,103.27,108.28,211.55
94年8月,2324,528,1760,1232,1796,32222,30426,10.46,2.37,7.92,5.54,8.08,144.92,136.84,281.76
94年9月,-2083,574,1755,1181,-2657,26051,28708,-9.68,2.67,8.16,5.49,-12.35,121.06,133.41,254.47
94年10月,-438,682,1767,1085,-1120,17564,18684,-1.97,3.07,7.95,4.88,-5.04,79.03,84.07,163.1
94年11月,-1288,613,1876,1263,-1901,17165,19066,-5.99,2.85,8.73,5.87,-8.84,79.83,88.68,168.51
94年12月,1067,581,1834,1253,486,21175,20689,4.8,2.62,8.26,5.64,2.19,95.31,93.12,188.43
95年1月,98,566,1699,1133,-468,18530,18998,0.44,2.55,7.65,5.1,-2.11,83.39,85.49,168.88
95年2月,172,413,1654,1241,-241,19033,19274,0.86,2.06,8.24,6.18,-1.2,94.82,96.02,190.85
95年3月,1413,423,1790,1367,990,24270,23280,6.36,1.9,8.05,6.15,4.45,109.18,104.73,213.9
95年4月,1326,523,1612,1089,803,20210,19407,6.16,2.43,7.49,5.06,3.73,93.9,90.17,184.06
95年5月,1309,481,1660,1179,828,24157,23329,5.88,2.16,7.46,5.3,3.72,108.56,104.84,213.4
95年6月,3090,546,1766,1220,2544,27848,25304,14.35,2.53,8.19,5.66,11.8,129.21,117.41,246.61
95年7月,1974,512,1653,1141,1462,26942,25480,8.86,2.3,7.42,5.12,6.56,120.86,114.3,235.15
95年8月,534,617,1756,1139,-83,28272,28355,2.39,2.77,7.87,5.11,-0.37,126.76,127.13,253.9
95年9月,-850,752,1770,1018,-1602,25214,26816,-3.94,3.48,8.2,4.72,-7.42,116.83,124.25,241.08
95年10月,2033,732,1936,1204,1301,19543,18242,9.12,3.28,8.68,5.4,5.83,87.61,81.78,169.39
95年11月,3361,779,1944,1165,2582,19855,17273,15.56,3.6,9,5.39,11.95,91.88,79.93,171.81
95年12月,1407,796,1911,1115,611,29097,28486,6.3,3.56,8.55,4.99,2.73,130.19,127.45,257.64
96年1月,-1370,476,1852,1376,-1846,23478,25324,-6.13,2.13,8.29,6.16,-8.26,105.05,113.31,218.35
96年2月,-1766,329,1387,1058,-2095,13669,15764,-8.75,1.63,6.87,5.24,-10.38,67.75,78.14,145.89
96年3月,-2833,413,1870,1457,-3246,23156,26402,-12.69,1.85,8.38,6.53,-14.54,103.76,118.3,222.06
96年4月,873,342,1653,1311,531,19956,19425,4.04,1.58,7.66,6.07,2.46,92.43,89.97,182.41
96年5月,86,574,1812,1238,-488,23530,24018,0.39,2.57,8.12,5.55,-2.19,105.45,107.64,213.09
96年6月,758,394,1583,1189,364,20401,20037,3.51,1.82,7.33,5.51,1.69,94.46,92.78,187.24
96年7月,340,471,1732,1261,-131,23903,24034,1.52,2.11,7.76,5.65,-0.59,107.09,107.67,214.76
96年8月,-1077,781,1991,1210,-1858,23550,25408,-4.82,3.5,8.92,5.42,-8.33,105.52,113.84,219.36
96年9月,-1894,474,1488,1014,-2368,22175,24543,-8.77,2.2,6.89,4.7,-10.97,102.73,113.7,216.43
96年10月,745,757,2005,1248,-12,17064,17076,3.34,3.39,8.99,5.6,-0.05,76.52,76.57,153.09
96年11月,1423,859,2113,1254,564,15542,14978,6.59,3.98,9.79,5.81,2.61,71.99,69.37,141.36
96年12月,1742,879,2134,1255,863,16217,15354,7.81,3.94,9.56,5.62,3.87,72.65,68.78,141.43
97年1月,420,529,1886,1357,-109,16550,16659,1.89,2.38,8.47,6.09,-0.49,74.31,74.8,149.11
97年2月,1277,424,1750,1326,853,13983,13130,6.13,2.03,8.4,6.36,4.09,67.09,63,130.09
97年3月,639,291,1800,1509,348,18584,18236,2.87,1.31,8.08,6.77,1.56,83.39,81.82,165.21
97年4月,-639,321,1643,1322,-960,20310,21270,-2.96,1.49,7.62,6.13,-4.45,94.17,98.62,192.79
97年5月,-451,289,1612,1323,-740,22749,23489,-2.02,1.3,7.23,5.94,-3.32,102.09,105.42,207.51
97年6月,-324,327,1558,1231,-651,22216,22867,-1.5,1.52,7.23,5.71,-3.02,103.04,106.06,209.1
97年7月,-1492,380,1644,1264,-1872,23268,25140,-6.7,1.71,7.38,5.68,-8.41,104.48,112.88,217.36
97年8月,-2585,312,1496,1184,-2897,20848,23745,-11.61,1.4,6.72,5.32,-13.02,93.68,106.7,200.38
97年9月,-3181,429,1620,1191,-3610,24368,27978,-14.78,1.99,7.53,5.54,-16.78,113.27,130.05,243.33
97年10月,-394,566,1882,1316,-960,17549,18509,-1.77,2.55,8.47,5.92,-4.32,79,83.32,162.32
97年11月,-414,873,2038,1165,-1287,16874,18161,-1.93,4.06,9.48,5.42,-5.99,78.5,84.49,162.99
97年12月,798,344,1762,1418,454,20599,20145,3.59,1.55,7.93,6.38,2.04,92.74,90.69,183.43
98年1月,-833,354,1369,1015,-1187,12923,14110,-3.74,1.59,6.15,4.56,-5.33,58.02,63.35,121.37
98年2月,-1817,78,1727,1649,-1895,20862,22757,-9.03,0.39,8.59,8.2,-9.42,103.75,113.18,216.93
98年3月,-353,881,2212,1331,-1234,20263,21497,-1.59,3.96,9.94,5.98,-5.55,91.06,96.6,187.66
98年4月,-1444,-222,1080,1302,-1222,18197,19419,-6.71,-1.03,5.02,6.05,-5.68,84.53,90.2,174.73
98年5月,-910,117,1248,1131,-1027,18131,19158,-4.09,0.53,5.61,5.09,-4.62,81.54,86.16,167.7
98年6月,-1046,267,1660,1393,-1313,23019,24332,-4.86,1.24,7.72,6.48,-6.1,107.02,113.12,220.14
98年7月,-1235,418,1756,1338,-1653,24314,25967,-5.56,1.88,7.9,6.02,-7.44,109.44,116.88,226.32
98年8月,-2680,170,1387,1217,-2850,23840,26690,-12.07,0.77,6.25,5.48,-12.84,107.38,120.22,227.61
98年9月,-4009,363,1597,1234,-4372,24361,28733,-18.67,1.69,7.44,5.75,-20.38,113.53,133.91,247.44
98年10月,-410,571,1745,1174,-981,17679,18660,-1.85,2.58,7.88,5.3,-4.43,79.8,84.23,164.03
98年11月,-307,623,1770,1147,-930,15961,16891,-1.43,2.91,8.26,5.35,-4.34,74.46,78.8,153.26
98年12月,-451,523,1852,1329,-974,18585,19559,-2.04,2.36,8.36,6,-4.4,83.92,88.31,172.23
99年1月,-1277,339,1673,1334,-1616,15667,17283,-5.77,1.53,7.56,6.03,-7.3,70.76,78.06,148.83
99年2月,-1088,73,1266,1193,-1161,13652,14813,-5.44,0.37,6.33,5.97,-5.81,68.3,74.11,142.41
99年3月,-319,246,1700,1454,-565,23297,23862,-1.44,1.11,7.68,6.57,-2.55,105.3,107.86,213.16
99年4月,-1093,57,1395,1338,-1150,19008,20158,-5.11,0.27,6.52,6.25,-5.37,88.8,94.18,182.98
99年5月,499,222,1426,1204,277,22809,22532,2.26,1,6.45,5.44,1.25,103.14,101.88,205.02
99年6月,-1282,144,1409,1265,-1426,21455,22881,-5.99,0.67,6.58,5.91,-6.66,100.26,106.93,207.19
99年7月,2489,48,1382,1334,2441,25612,23171,11.26,0.22,6.25,6.03,11.04,115.8,104.76,220.57
99年8月,-48,228,1464,1236,-276,22745,23021,-0.22,1.03,6.62,5.59,-1.25,102.79,104.04,206.83
99年9月,3614,454,1660,1206,3160,26693,23533,16.88,2.12,7.75,5.63,14.75,124.57,109.82,234.39
99年10月,4148,349,1545,1196,3799,16853,13054,18.72,1.57,6.97,5.39,17.13,76,58.87,134.86
99年11月,2542,406,1732,1326,2136,16377,14241,11.84,1.89,8.06,6.17,9.94,76.22,66.27,142.49
99年12月,3159,566,1878,1312,2593,25029,22436,14.22,2.55,8.45,5.9,11.67,112.6,100.93,213.53
100年1月,4111,411,1942,1531,3700,21128,17428,18.48,1.85,8.72,6.88,16.62,94.92,78.3,173.21
100年2月,1908,165,1550,1385,1743,16183,14440,9.48,0.82,7.7,6.88,8.66,80.4,71.74,152.14
100年3月,2886,563,2287,1724,2323,23789,21466,12.95,2.52,10.25,7.73,10.41,106.65,96.24,202.89
100年4月,2608,436,1867,1431,2172,19116,16944,12.08,2.02,8.64,6.62,10.05,88.47,78.42,166.88
100年5月,2759,799,2093,1294,1960,22176,20216,12.35,3.57,9.36,5.79,8.77,99.22,90.45,189.66
100年6月,2722,761,2037,1276,1961,21395,19434,12.58,3.51,9.41,5.89,9.06,98.81,89.75,188.56
100年7月,2100,757,1957,1200,1343,22637,21294,9.38,3.38,8.74,5.36,6,101.08,95.08,196.17
100年8月,1198,864,2137,1273,334,23704,23370,5.35,3.86,9.54,5.68,1.49,105.78,104.29,210.07
100年9月,1035,1374,2550,1176,-339,24854,25193,4.77,6.33,11.75,5.42,-1.56,114.56,116.12,230.68
100年10月,3037,800,1956,1156,2237,16722,14485,13.54,3.57,8.72,5.15,9.97,74.53,64.56,139.1
100年11月,3986,1101,2346,1245,2885,15827,12942,18.35,5.06,10.79,5.73,13.27,72.8,59.53,132.33
100年12月,3846,1113,2410,1297,2733,15458,12725,17.11,4.95,10.71,5.76,12.15,68.71,56.56,125.26
101年1月,1991,534,1953,1419,1457,14009,12552,8.87,2.38,8.69,6.32,6.49,62.37,55.88,118.25
101年2月,989,661,2196,1535,328,19339,19011,4.7,3.14,10.44,7.3,1.56,91.98,90.42,182.41
101年3月,2564,837,2410,1573,1727,21418,19691,11.41,3.72,10.72,6.99,7.68,95.23,87.56,182.79
101年4月,2173,854,2241,1387,1319,18071,16752,9.98,3.92,10.29,6.37,6.06,82.96,76.9,159.86
101年5月,2332,1050,2412,1362,1282,22785,21503,10.36,4.66,10.71,6.05,5.69,101.14,95.45,196.58
101年6月,2246,1240,2531,1291,1006,19256,18250,10.3,5.68,11.6,5.92,4.61,88.25,83.64,171.88
101年7月,1224,623,2099,1476,601,22508,21907,5.43,2.76,9.3,6.54,2.66,99.76,97.09,196.85
101年8月,1115,1149,2524,1375,-34,23158,23192,5,5.09,11.18,6.09,-0.15,102.59,102.74,205.34
101年9月,230,1267,2452,1185,-1037,21580,22617,1,5.8,11.22,5.42,-4.75,98.76,103.51,202.27
101年10月,2399,1548,2972,1424,851,16880,16029,11,6.85,13.16,6.3,3.77,74.72,70.96,145.68
101年11月,2775,1538,2812,1274,1237,15898,14661,13,7.03,12.85,5.82,5.65,72.65,67,139.65
101年12月,2220,1618,2896,1278,602,16019,15417,10,7.15,12.8,5.65,2.66,70.78,68.12,138.9
102年1月,1807,1336,2920,1584,471,15985,15514,7.96,5.88,12.86,6.97,2.07,70.38,68.31,138.69
102年2月,1095,908,2166,1258,187,12179,11992,5.34,4.42,10.55,6.13,0.91,59.34,58.43,117.76
102年3月,1643,781,2274,1493,862,18425,17563,7.23,3.44,10,6.57,3.79,81.04,77.25,158.29
102年4月,1280,729,2134,1405,551,16636,16085,5.82,3.31,9.69,6.38,2.5,75.57,73.07,148.63
102年5月,1245,897,2263,1366,348,21258,20910,5.47,3.94,9.94,6,1.53,93.41,91.88,185.28
102年6月,1258,724,1935,1211,534,17558,17024,5.71,3.29,8.78,5.5,2.42,79.68,77.26,156.94
102年7月,818,773,2141,1368,45,21005,20960,3.59,3.39,9.4,6.01,0.2,92.21,92.02,184.23
102年8月,-355,801,2026,1225,-1156,19378,20534,-1.56,3.52,8.89,5.38,-5.07,85.06,90.14,175.2
102年9月,-433,696,2009,1313,-1129,21652,22781,-1.96,3.16,9.11,5.96,-5.12,98.23,103.35,201.58
102年10月,1255,979,2335,1356,276,17332,17056,5.51,4.3,10.25,5.95,1.21,76.08,74.87,150.95
102年11月,1728,855,2175,1320,873,15230,14357,7.84,3.88,9.86,5.98,3.96,69.05,65.09,134.13
102年12月,1949,852,2332,1480,1097,17016,15919,8.55,3.74,10.22,6.49,4.81,74.6,69.79,144.4
103年1月,1624,742,2178,1436,882,14386,13504,7.12,3.25,9.54,6.29,3.86,63.03,59.17,122.2
103年2月,1187,518,2144,1626,669,13699,13030,5.76,2.51,10.39,7.88,3.24,66.42,63.17,129.59
103年3月,905,667,2366,1699,238,17761,17523,3.96,2.92,10.36,7.44,1.04,77.75,76.7,154.45
103年4月,1099,892,2428,1536,207,17992,17785,4.97,4.03,10.98,6.95,0.94,81.35,80.42,161.77
103年5月,807,818,2215,1397,-11,20553,20564,3.53,3.58,9.69,6.11,-0.05,89.9,89.95,179.85
103年6月,1534,926,2212,1286,608,18858,18250,6.93,4.18,9.99,5.81,2.75,85.2,82.45,167.66
103年7月,1355,1001,2393,1392,354,21487,21133,5.92,4.37,10.46,6.08,1.55,93.9,92.35,186.25
103年8月,-20,992,2314,1322,-1012,18281,19293,-0.09,4.33,10.11,5.78,-4.42,79.87,84.29,164.16
103年9月,642,1169,2516,1347,-527,23038,23565,2.9,5.28,11.36,6.08,-2.38,103.99,106.37,210.37
103年10月,1995,1352,2744,1392,643,15024,14381,8.71,5.9,11.98,6.08,2.81,65.6,62.79,128.39
103年11月,2447,1361,2557,1196,1086,11671,10585,11.04,6.14,11.53,5.39,4.9,52.61,47.72,100.33
103年12月,2224,1409,2957,1548,815,24274,23459,9.7,6.14,12.89,6.75,3.55,105.81,102.25,208.06
104年1月,1818,1092,2546,1454,726,17008,16282,7.92,4.76,11.09,6.33,3.16,74.08,70.92,145
104年2月,980,784,2062,1278,196,13132,12936,4.72,3.78,9.94,6.16,0.94,63.29,62.35,125.64
104年3月,845,957,2702,1745,-112,20021,20133,3.68,4.16,11.76,7.59,-0.49,87.13,87.62,174.75
104年4月,-9,731,2245,1514,-740,17682,18422,-0.04,3.29,10.09,6.81,-3.33,79.5,82.83,162.33
104年5月,-28,961,2271,1310,-989,19272,20261,-0.12,4.18,9.88,5.7,-4.3,83.86,88.16,172.02
104年6月,109,919,2296,1377,-810,17545,18355,0.49,4.13,10.32,6.19,-3.64,78.89,82.53,161.41
104年7月,-2586,798,2319,1521,-3384,19565,22949,-11.25,3.47,10.1,6.62,-14.73,85.17,99.9,185.07
104年8月,-1873,1005,2327,1322,-2878,17216,20094,-8.16,4.38,10.14,5.76,-12.54,75.01,87.54,162.55
104年9月,-1456,1017,2303,1286,-2473,19729,22202,-6.56,4.58,10.37,5.79,-11.14,88.87,100.01,188.89
104年10月,1399,1174,2668,1494,225,15383,15158,6.1,5.12,11.63,6.51,0.98,67.06,66.08,133.14
104年11月,1295,1147,2505,1358,148,14288,14140,5.83,5.16,11.28,6.11,0.67,64.33,63.67,128
104年12月,2001,1296,2743,1447,705,15278,14573,8.72,5.64,11.94,6.3,3.07,66.53,63.46,129.99
105年1月,164,931,2379,1448,-767,15196,15963,0.72,4.06,10.38,6.32,-3.35,66.33,69.68,136
105年2月,-564,358,1966,1608,-922,13055,13977,-2.63,1.67,9.17,7.5,-4.3,60.92,65.22,126.14
105年3月,85,579,2574,1995,-494,19260,19754,0.37,2.53,11.24,8.71,-2.16,84.08,86.24,170.32
105年4月,-666,590,2130,1540,-1256,14736,15992,-3,2.66,9.61,6.95,-5.67,66.48,72.15,138.63
105年5月,-899,889,2446,1557,-1788,18815,20603,-3.93,3.88,10.68,6.8,-7.81,82.17,89.98,172.15
105年6月,-5,861,2257,1396,-866,16317,17183,-0.02,3.89,10.19,6.3,-3.91,73.65,77.56,151.21
105年7月,-1280,878,2175,1297,-2158,16521,18679,-5.59,3.84,9.5,5.67,-9.43,72.18,81.61,153.79
105年8月,-3054,814,2352,1538,-3868,18786,22654,-13.35,3.56,10.28,6.73,-16.91,82.14,99.06,181.2
105年9月,-2275,844,2176,1332,-3119,18935,22054,-10.28,3.82,9.84,6.02,-14.11,85.64,99.75,185.38
105年10月,3,1174,2556,1382,-1171,15300,16471,0.01,5.14,11.19,6.05,-5.13,66.99,72.12,139.12
105年11月,-667,936,2355,1419,-1603,15540,17143,-3.02,4.24,10.66,6.42,-7.25,70.32,77.58,147.9
105年12月,52,1156,2626,1470,-1104,15792,16896,0.23,5.06,11.5,6.44,-4.84,69.17,74,143.17
106年1月,-333,601,1932,1331,-934,12538,13472,-1.45,2.63,8.44,5.81,-4.08,54.77,58.85,113.61
106年2月,-1176,556,2093,1537,-1732,14113,15845,-5.69,2.69,10.12,7.44,-8.38,68.27,76.65,144.92
106年3月,-882,703,2537,1834,-1585,18556,20141,-3.85,3.07,11.09,8.02,-6.93,81.11,88.03,169.14
106年4月,-1195,456,1778,1322,-1651,13345,14996,-5.4,2.06,8.03,5.97,-7.46,60.3,67.76,128.05
106年5月,-1305,737,2135,1398,-2042,17876,19918,-5.71,3.22,9.34,6.12,-8.93,78.2,87.13,165.34
106年6月,-968,620,2071,1451,-1588,18270,19858,-4.38,2.8,9.37,6.56,-7.18,82.62,89.81,172.43
106年7月,-2216,484,1967,1483,-2700,15858,18558,-9.7,2.12,8.61,6.49,-11.82,69.44,81.27,150.71
106年8月,-2427,481,2044,1563,-2908,18780,21688,-10.63,2.11,8.96,6.85,-12.75,82.31,95.06,177.37
106年9月,-2309,653,2046,1393,-2962,18921,21883,-10.46,2.96,9.27,6.31,-13.43,85.77,99.19,184.96
106年10月,309,734,2092,1358,-425,13632,14057,1.36,3.22,9.18,5.96,-1.87,59.82,61.69,121.51
106年11月,119,878,2230,1352,-759,14419,15178,0.54,3.98,10.11,6.13,-3.44,65.38,68.82,134.2
106年12月,-64,672,2117,1445,-736,15447,16183,-0.28,2.95,9.29,6.34,-3.23,67.78,71.01,138.79
107年1月,-536,337,2107,1770,-873,15449,16322,-2.35,1.48,9.25,7.77,-3.83,67.8,71.63,139.43
107年2月,-1346,334,1779,1445,-1680,11512,13192,-6.54,1.62,8.65,7.02,-8.17,55.95,64.12,120.07
107年3月,-1157,280,2168,1888,-1437,20044,21481,-5.08,1.23,9.52,8.29,-6.31,88.03,94.35,182.38
107年4月,-1523,337,1755,1418,-1860,15118,16978,-6.91,1.53,7.97,6.44,-8.45,68.65,77.09,145.74
107年5月,-1928,530,2022,1492,-2458,21680,24138,-8.47,2.33,8.89,6.56,-10.81,95.33,106.14,201.47
107年6月,-1054,279,1626,1347,-1333,16157,17490,-4.79,1.27,7.39,6.12,-6.06,73.45,79.51,152.97
107年7月,-1650,372,1885,1513,-2022,18543,20565,-7.26,1.64,8.3,6.66,-8.9,81.62,90.52,172.14
107年8月,-1971,457,1923,1466,-2428,19122,21550,-8.68,2.01,8.47,6.46,-10.69,84.23,94.92,179.15
107年9月,-2453,391,1693,1302,-2844,17428,20272,-11.17,1.78,7.71,5.93,-12.96,79.39,92.35,171.74
107年10月,235,532,2059,1527,-297,14103,14400,1.04,2.35,9.08,6.73,-1.31,62.2,63.51,125.7
107年11月,-240,507,1928,1421,-747,13692,14439,-1.09,2.31,8.79,6.48,-3.4,62.4,65.8,128.2
107年12月,-1062,591,1904,1313,-1653,18393,20046,-4.68,2.61,8.4,5.79,-7.29,81.14,88.43,169.57
108年1月,-1664,329,2102,1773,-1993,17235,19228,-7.34,1.45,9.28,7.83,-8.8,76.07,84.86,160.93
108年2月,-1925,149,1516,1367,-2074,12692,14766,-9.41,0.73,7.41,6.68,-10.14,62.06,72.2,134.26
108年3月,-1558,106,1732,1626,-1664,16932,18596,-6.88,0.47,7.65,7.19,-7.35,74.83,82.18,157.01
108年4月,-2108,190,1784,1594,-2298,16266,18564,-9.63,0.87,8.15,7.28,-10.5,74.33,84.83,159.17
108年5月,-2702,302,1839,1537,-3004,19557,22561,-11.95,1.34,8.14,6.8,-13.3,86.57,99.87,186.43
108年6月,-963,199,1503,1304,-1162,15473,16635,-4.41,0.91,6.88,5.97,-5.32,70.82,76.14,146.96
108年7月,-3644,218,1799,1581,-3862,19422,23284,-16.14,0.97,7.98,7.01,-17.12,86.1,103.23,189.33
108年8月,-3854,339,1718,1379,-4193,17864,22057,-17.1,1.51,7.63,6.12,-18.62,79.31,97.92,177.23
108年9月,-2990,396,1657,1261,-3386,21224,24610,-13.73,1.82,7.61,5.79,-15.55,97.49,113.05,210.54
108年10月,-960,400,2018,1618,-1360,15678,17038,-4.27,1.78,8.98,7.2,-6.05,69.75,75.8,145.54
108年11月,-911,270,1677,1407,-1181,13780,14961,-4.19,1.24,7.71,6.47,-5.43,63.37,68.8,132.17
108年12月,-252,544,2123,1579,-796,13751,14547,-1.12,2.42,9.45,7.03,-3.54,61.21,64.75,125.96
109年1月,-2164,28,1507,1479,-2192,13980,16172,-9.66,0.13,6.73,6.6,-9.79,62.43,72.22,134.64
109年2月,-3793,40,1651,1611,-3833,15369,19202,-18.11,0.19,7.89,7.7,-18.32,73.45,91.76,165.21
109年3月,-3798,60,1661,1601,-3858,16571,20429,-16.99,0.27,7.44,7.17,-17.27,74.19,91.46,165.65
109年4月,-4203,55,1548,1493,-4258,12813,17071,-19.46,0.25,7.17,6.92,-19.73,59.36,79.09,138.46
109年5月,-4698,22,1399,1377,-4720,15199,19919,-21.08,0.1,6.28,6.18,-21.2,68.26,89.46,157.73
109年6月,-2242,319,1701,1382,-2561,15614,18175,-10.41,1.48,7.9,6.42,-11.9,72.56,84.46,157.02
109年7月,-4106,-11,1397,1408,-4095,18176,22271,-18.47,-0.05,6.29,6.34,-18.44,81.84,100.28,182.12
109年8月,-4395,148,1398,1250,-4543,17798,22341,-19.8,0.67,6.3,5.64,-20.49,80.27,100.76,181.03
109年9月,-4880,184,1551,1367,-5064,21733,26797,-22.76,0.86,7.24,6.38,-23.64,101.46,125.1,226.57
109年10月,-2430,121,1496,1375,-2551,13506,16057,-10.99,0.55,6.77,6.22,-11.54,61.11,72.65,133.75
109年11月,-2963,285,1636,1351,-3248,14351,17599,-13.86,1.33,7.66,6.32,-15.2,67.16,82.36,149.53
109年12月,-2951,566,2084,1518,-3517,15981,19498,-13.37,2.57,9.45,6.88,-15.95,72.46,88.41,160.87
110年1月,-4783,-670,960,1630,-4113,13022,17135,-21.64,-3.03,4.35,7.38,-18.63,58.97,77.6,136.57
110年2月,-4757,-208,1253,1461,-4549,12121,16670,-23.87,-1.04,6.29,7.34,-22.85,60.88,83.73,144.61
110年3月,-6218,-102,1602,1704,-6116,17333,23449,-28.24,-0.46,7.28,7.75,-27.81,78.8,106.61,185.41
110年4月,-5654,-13,1419,1432,-5641,14448,20089,-26.59,-0.06,6.68,6.74,-26.56,68.03,94.59,162.63
110年5月,-6302,-193,1290,1483,-6109,11446,17555,-28.75,-0.88,5.89,6.77,-27.9,52.28,80.18,132.46
110年6月,-4614,-181,1718,1899,-4433,11018,15451,-21.8,-0.86,8.13,8.98,-20.97,52.11,73.08,125.19
110年7月,-7352,-523,1223,1746,-6829,13482,20311,-33.68,-2.4,5.61,8.01,-31.33,61.85,93.18,155.04
110年8月,-8940,-145,1319,1464,-8795,17049,25844,-41.07,-0.67,6.07,6.74,-40.48,78.47,118.94,197.41
110年9月,-9078,83,1438,1355,-9161,21281,30442,-43.25,0.4,6.86,6.47,-43.72,101.57,145.29,246.85
110年10月,-6421,48,1407,1359,-6469,14013,20482,-29.71,0.22,6.52,6.3,-29.97,64.92,94.89,159.81
110年11月,-6640,-45,1491,1536,-6595,14912,21507,-31.83,-0.22,7.16,7.37,-31.65,71.57,103.22,174.79
110年12月,-7266,21,1575,1554,-7287,16226,23513,-33.79,0.1,7.34,7.24,-33.94,75.57,109.51,185.08
111年1月,-9968,-235,1410,1645,-9733,14758,24491,-46.49,-1.1,6.59,7.69,-45.49,68.97,114.46,183.43
111年2月,-9828,-347,1075,1422,-9481,11656,21137,-50.95,-1.8,5.58,7.39,-49.25,60.55,109.8,170.34
111年3月,-14152,-505,1330,1835,-13647,17860,31507,-66.53,-2.38,6.27,8.65,-64.34,84.2,148.54,232.73
111年4月,-12321,-221,1197,1418,-12100,14003,26103,-60.19,-1.08,5.86,6.94,-59.26,68.58,127.84,196.42
111年5月,-7525,-838,959,1797,-6687,14623,21310,-35.75,-3.99,4.56,8.55,-31.82,69.58,101.4,170.99
111年6月,-6147,-989,1160,2149,-5158,17522,22680,-30.27,-4.88,5.72,10.6,-25.43,86.4,111.83,198.22
111年7月,-1970,-528,1166,1694,-1442,20338,21780,-9.41,-2.52,5.57,8.1,-6.89,97.21,104.1,201.3
111年8月,-787,-523,1261,1784,-264,20296,20560,-3.76,-2.5,6.03,8.53,-1.26,97.06,98.32,195.38
111年9月,-763,-459,1254,1713,-304,22352,22656,-3.77,-2.27,6.2,8.47,-1.5,110.49,111.99,222.48
111年10月,4678,-464,1252,1716,5142,17443,12301,22.38,-2.22,5.98,8.2,24.58,83.38,58.8,142.17
111年11月,6937,-653,1190,1843,7590,21664,14074,34.23,-3.22,5.86,9.08,37.4,106.75,69.35,176.1
111年12月,8134,-493,1274,1767,8627,28571,19944,38.73,-2.34,6.06,8.4,41.01,135.83,94.82,230.65
112年1月,7362,-659,1123,1782,8021,20693,12672,34.94,-3.12,5.32,8.45,38.01,98.07,60.06,158.13
112年2月,2090,-925,1017,1942,3015,19088,16073,10.95,-4.84,5.33,10.17,15.79,99.97,84.18,184.14
112年3月,4680,-776,1275,2051,5456,23945,18489,22.13,-3.67,6.02,9.69,25.77,113.11,87.34,200.45
112年4月,3675,-458,1083,1541,4133,16533,12400,17.92,-2.23,5.28,7.51,20.14,80.57,60.43,141
112年5月,3500,-319,1421,1740,3819,21916,18097,16.49,-1.5,6.69,8.19,17.98,103.21,85.22,188.43
